[
    {
        "table_name" : "users",
        "table_value" : [
            [1,"admin","","male","08123456789","admin@admin.com","admin",1],
            [2,"user","dummy address","male","08234567890","user@mail.com","user",2],
            [3,"tester","tester address","male","08221345678","tester@mail.com","tester",2]
        ]
    },{      
        "table_name" : "products",
        "table_value" : [
            [1,"Product 1","Product 1 Description","batik","45000","3","CURRENT_TIMESTAMP"],
            [2,"Product 2","Product 2 Description","batik","25000","5","CURRENT_TIMESTAMP"],
            [3,"Product 3","Product 3 Description","blazer","53000","14","CURRENT_TIMESTAMP"],
            [4,"Product 4","Product 4 Description","blazer","62000","10","CURRENT_TIMESTAMP"]
        ]
    },{      
        "table_name" : "pictures",
        "table_value" : [
            [1,1,1,"uploads/products/product_1.png"],
            [2,1,2,"uploads/products/product_2.png"],
            [3,1,3,"uploads/products/product_3.png"],
            [4,1,4,"uploads/products/product_4.png"]
        ]
    }
]