{
    "table":[
        {
            "table_name":"users",
            "table_field":[
                {
                    "field_name":"userID",
                    "field_datatype":"int",
                    "field_length":11,
                    "field_primary":true,
                    "field_ai":true,
                    "field_timestamp":false
                },{
                    "field_name":"fullname",
                    "field_datatype":"varchar",
                    "field_length":50,
                    "field_primary":false,
                    "field_ai":false,
                    "field_timestamp":false
                },{
                    "field_name":"address",
                    "field_datatype":"text",
                    "field_length":false,
                    "field_primary":false,
                    "field_ai":false,
                    "field_timestamp":false
                },{
                    "field_name":"gender",
                    "field_datatype":"varchar",
                    "field_length":50,
                    "field_primary":false,
                    "field_ai":false,
                    "field_timestamp":false
                },{
                    "field_name":"phone",
                    "field_datatype":"varchar",
                    "field_length":50,
                    "field_primary":false,
                    "field_ai":false,
                    "field_timestamp":false
                },{
                    "field_name":"username",
                    "field_datatype":"varchar",
                    "field_length":50,
                    "field_primary":false,
                    "field_ai":false,
                    "field_timestamp":false
                },{
                    "field_name":"password",
                    "field_datatype":"varchar",
                    "field_length":50,
                    "field_primary":false,
                    "field_ai":false,
                    "field_timestamp":false
                },{
                    "field_name":"level",
                    "field_datatype":"int",
                    "field_length":11,
                    "field_primary":false,
                    "field_ai":false,
                    "field_timestamp":false
                }
            ]
        },{
            "table_name":"products",
            "table_field":[
                {
                    "field_name":"productID",
                    "field_datatype":"int",
                    "field_length":11,
                    "field_primary":true,
                    "field_ai":true,
                    "field_timestamp":false
                },{
                    "field_name":"product_name",
                    "field_datatype":"varchar",
                    "field_length":50,
                    "field_primary":false,
                    "field_ai":false,
                    "field_timestamp":false
                },{
                    "field_name":"product_description",
                    "field_datatype":"text",
                    "field_length":false,
                    "field_primary":false,
                    "field_ai":false,
                    "field_timestamp":false
                },{
                    "field_name":"product_category",
                    "field_datatype":"varchar",
                    "field_length":30,
                    "field_primary":false,
                    "field_ai":false,
                    "field_timestamp":false
                },{
                    "field_name":"product_price",
                    "field_datatype":"int",
                    "field_length":11,
                    "field_primary":false,
                    "field_ai":false,
                    "field_timestamp":false
                },{
                    "field_name":"stok",
                    "field_datatype":"int",
                    "field_length":11,
                    "field_primary":false,
                    "field_ai":false,
                    "field_timestamp":false
                },{
                    "field_name":"product_updated",
                    "field_datatype":"timestamp",
                    "field_length":false,
                    "field_primary":false,
                    "field_ai":false,
                    "field_timestamp":true
                }
            ]
        },{
            "table_name":"transactions",
            "table_field":[
                {
                    "field_name":"transactionID",
                    "field_datatype":"int",
                    "field_length":11,
                    "field_primary":true,
                    "field_ai":true,
                    "field_timestamp":false
                },{
                    "field_name":"productID",
                    "field_datatype":"text",
                    "field_length":false,
                    "field_primary":false,
                    "field_ai":false,
                    "field_timestamp":false
                },{
                    "field_name":"userID",
                    "field_datatype":"int",
                    "field_length":11,
                    "field_primary":false,
                    "field_ai":false,
                    "field_timestamp":false
                },{
                    "field_name":"quantitys",
                    "field_datatype":"text",
                    "field_length":false,
                    "field_primary":false,
                    "field_ai":false,
                    "field_timestamp":false
                },{
                    "field_name":"status",
                    "field_datatype":"int",
                    "field_length":11,
                    "field_primary":false,
                    "field_ai":false,
                    "field_timestamp":false
                },{
                    "field_name":"promo_code",
                    "field_datatype":"int",
                    "field_length":11,
                    "field_primary":false,
                    "field_ai":false,
                    "field_timestamp":false
                },{
                    "field_name":"points",
                    "field_datatype":"int",
                    "field_length":11,
                    "field_primary":false,
                    "field_ai":false,
                    "field_timestamp":false
                },{
                    "field_name":"transaction_date",
                    "field_datatype":"timestamp",
                    "field_length":false,
                    "field_primary":false,
                    "field_ai":false,
                    "field_timestamp":true
                }
            ]
        },{
            "table_name":"members",
            "table_field":[
                {
                    "field_name":"memberID",
                    "field_datatype":"int",
                    "field_length":11,
                    "field_primary":true,
                    "field_ai":true,
                    "field_timestamp":false
                },{
                    "field_name":"userID",
                    "field_datatype":"int",
                    "field_length":11,
                    "field_primary":false,
                    "field_ai":false,
                    "field_timestamp":false
                },{
                    "field_name":"member_points",
                    "field_datatype":"int",
                    "field_length":11,
                    "field_primary":false,
                    "field_ai":false,
                    "field_timestamp":false
                },{
                    "field_name":"member_update",
                    "field_datatype":"timestamp",
                    "field_length":false,
                    "field_primary":false,
                    "field_ai":false,
                    "field_timestamp":true
                }
            ]
        },{
            "table_name":"member_setting",
            "table_field":[
                {
                    "field_name":"ID",
                    "field_datatype":"int",
                    "field_length":11,
                    "field_primary":true,
                    "field_ai":true,
                    "field_timestamp":false
                },{
                    "field_name":"minimun_transaction",
                    "field_datatype":"int",
                    "field_length":11,
                    "field_primary":false,
                    "field_ai":false,
                    "field_timestamp":false
                }
            ]
        },{
            "table_name":"promo",
            "table_field":[
                {
                    "field_name":"promoID",
                    "field_datatype":"int",
                    "field_length":11,
                    "field_primary":true,
                    "field_ai":true,
                    "field_timestamp":false
                },{
                    "field_name":"promo_code",
                    "field_datatype":"varchar",
                    "field_length":20,
                    "field_primary":false,
                    "field_ai":false,
                    "field_timestamp":false
                },{
                    "field_name":"costs",
                    "field_datatype":"int",
                    "field_length":11,
                    "field_primary":false,
                    "field_ai":false,
                    "field_timestamp":false
                },{
                    "field_name":"date_start",
                    "field_datatype":"date",
                    "field_length":false,
                    "field_primary":false,
                    "field_ai":false,
                    "field_timestamp":false
                },{
                    "field_name":"date_end",
                    "field_datatype":"date",
                    "field_length":false,
                    "field_primary":false,
                    "field_ai":false,
                    "field_timestamp":false
                }
            ]
        },{
            "table_name":"pictures",
            "table_field":[
                {
                    "field_name":"pictureID",
                    "field_datatype":"int",
                    "field_length":11,
                    "field_primary":true,
                    "field_ai":true,
                    "field_timestamp":false
                },{
                    "field_name":"picture_for",
                    "field_datatype":"int",
                    "field_length":11,
                    "field_primary":false,
                    "field_ai":false,
                    "field_timestamp":false
                },{
                    "field_name":"picture_forID",
                    "field_datatype":"int",
                    "field_length":11,
                    "field_primary":false,
                    "field_ai":false,
                    "field_timestamp":false
                },{
                    "field_name":"file_path",
                    "field_datatype":"text",
                    "field_length":false,
                    "field_primary":false,
                    "field_ai":false,
                    "field_timestamp":false
                }
            ]
        }
    ]
}